{"cameraMode":{"drawMode":0,"name":"Shaded","section":"Shading Mode"},"sceneLighting":true,"audioPlay":false,"sceneViewState":{"showFog":true,"showMaterialUpdate":false,"showSkybox":true,"showFlares":true,"showImageEffects":true,"showParticleSystems":true},"in2DMode":false,"pivot":{"x":30.2876033782959,"y":32.47087097167969,"z":24.985258102416993},"rotation":{"x":0.06663033366203308,"y":-0.9309040307998657,"z":0.2867453694343567,"w":0.21628554165363313},"size":0.8660253882408142,"orthographic":false}